{"cameraMode":{"drawMode":3,"name":"Shadow Cascades","section":"Miscellaneous"},"sceneLighting":true,"audioPlay":false,"sceneViewState":{"m_AlwaysRefresh":false,"showFog":true,"showSkybox":true,"showFlares":true,"showImageEffects":true,"showParticleSystems":true,"showVisualEffectGraphs":true,"m_FxEnabled":true},"in2DMode":false,"pivot":{"x":-2.3357584476470949,"y":4.187711238861084,"z":1.6894134283065797},"rotation":{"x":0.08114266395568848,"y":-0.04334710165858269,"z":0.0035371927078813316,"w":0.9957597255706787},"size":3.8273770809173586,"orthographic":false}