{"cameraMode":{"drawMode":3,"name":"Shadow Cascades","section":"Miscellaneous"},"sceneLighting":true,"audioPlay":false,"sceneViewState":{"m_AlwaysRefresh":false,"showFog":true,"showSkybox":true,"showFlares":true,"showImageEffects":true,"showParticleSystems":true,"showVisualEffectGraphs":true,"m_FxEnabled":true},"in2DMode":false,"pivot":{"x":-0.16326740384101869,"y":0.8013982176780701,"z":1.466200828552246},"rotation":{"x":0.030304022133350374,"y":0.004493480548262596,"z":-0.00013136684719938785,"w":0.9995371103286743},"size":5.3047990798950199,"orthographic":false}