{"cameraMode":{"drawMode":3,"name":"Shadow Cascades","section":"Miscellaneous"},"sceneLighting":true,"audioPlay":false,"sceneViewState":{"m_AlwaysRefresh":false,"showFog":true,"showSkybox":true,"showFlares":true,"showImageEffects":true,"showParticleSystems":true,"showVisualEffectGraphs":true,"m_FxEnabled":true},"in2DMode":false,"pivot":{"x":-0.9118286371231079,"y":1.2188023328781129,"z":-3.4228014945983888},"rotation":{"x":0.20729228854179383,"y":-0.005872747395187616,"z":0.001252183341421187,"w":0.978267252445221},"size":2.6843295097351076,"orthographic":false}