{"cameraMode":{"drawMode":3,"name":"Shadow Cascades","section":"Miscellaneous"},"sceneLighting":true,"audioPlay":false,"sceneViewState":{"m_AlwaysRefresh":false,"showFog":true,"showSkybox":true,"showFlares":true,"showImageEffects":true,"showParticleSystems":true,"showVisualEffectGraphs":true,"m_FxEnabled":true},"in2DMode":false,"pivot":{"x":-2.4036402702331545,"y":-5.5143938064575199,"z":23.869754791259767},"rotation":{"x":0.18523262441158296,"y":0.0044182403944432739,"z":-0.0008261732291430235,"w":0.9826919436454773},"size":19.508445739746095,"orthographic":false}